SECCION,CASILLAS,PAN,PRI,PRD,PT,PVEM,MC,NA,MORENA,BASTIONES PRI,ES,VR,PAN_PRD_MC,PAN_PRD,PAN_MC,PRD_MC,PT_MORENA_ES,PT_MORENA,PT_ES,MORENA_ES,NUM_VOTOS_VALIDOS,NUM_VOTOS_CAN_NREG,NUM_VOTOS_NULOS,TOTAL_VOTOS,LISTA_NOMINAL,
5169,3,332,304,81,39,38,31,29,453,FALSO,26,61,3,3,0,0,6,4,7,1,1418,1,30,1449,2120,21%
5170,4,453,317,53,52,47,44,44,528,FALSO,34,59,6,1,2,2,15,5,0,1,1663,0,45,1708,2347,19%
5171,2,249,248,38,36,31,26,12,293,FALSO,14,32,1,4,0,1,3,3,0,1,992,1,23,1016,1449,24%
5172,2,155,147,28,23,12,11,9,201,FALSO,9,10,1,0,0,0,6,1,1,0,614,1,11,626,909,23%
5173,3,254,258,54,27,18,13,17,279,FALSO,21,33,5,2,0,0,8,4,0,1,994,0,24,1018,1547,25%
5174,4,489,231,33,33,29,20,14,417,FALSO,24,56,8,0,0,1,5,2,0,0,1362,0,17,1379,1785,17%
5175,3,372,224,40,41,45,32,16,417,FALSO,15,35,5,1,0,0,11,3,0,0,1257,0,24,1281,1674,17%
5176,3,430,309,50,74,27,24,23,418,FALSO,21,54,15,2,0,0,9,2,2,5,1465,2,23,1490,1888,21%
5177,3,471,289,55,56,45,32,31,543,FALSO,37,68,7,2,1,0,10,3,1,3,1654,1,45,1700,2194,17%
5178,4,608,271,41,44,43,24,20,528,FALSO,24,38,9,2,1,0,8,1,0,2,1664,2,35,1701,2270,16%
5179,3,454,261,58,60,33,30,25,453,FALSO,16,50,6,2,1,0,5,1,0,3,1458,2,18,1478,1937,18%
5180,2,305,190,22,42,21,21,14,340,FALSO,23,37,8,1,0,0,7,1,0,0,1032,0,29,1061,1387,18%
5181,2,209,149,20,22,16,11,10,287,FALSO,20,29,4,1,0,0,7,2,0,3,790,0,11,801,1082,19%
5182,1,67,94,7,8,4,7,2,83,#¡CALC!,4,5,1,1,2,0,3,1,0,1,290,0,13,303,452,31%
5183,2,199,151,42,33,19,10,14,252,FALSO,12,25,1,3,0,0,5,2,0,1,769,1,19,789,1007,19%
5184,2,223,208,17,29,18,16,14,256,FALSO,9,20,3,3,0,0,1,1,0,8,826,2,20,848,1157,25%
5185,3,357,324,53,53,28,38,20,518,FALSO,24,44,4,0,0,0,5,3,1,4,1476,1,48,1525,2124,21%
5186,3,370,260,38,60,31,30,29,459,FALSO,31,45,2,3,2,0,8,3,0,0,1371,1,23,1395,1890,19%
5187,2,239,211,52,32,26,22,22,328,FALSO,15,38,7,3,1,0,9,1,0,1,1007,1,23,1031,1456,20%
5188,4,545,408,84,69,44,38,28,727,FALSO,39,64,4,6,0,0,17,1,1,0,2075,1,36,2112,2894,19%
5189,3,305,244,52,46,21,20,22,342,FALSO,11,40,2,1,1,0,9,0,1,1,1118,1,20,1139,1554,21%
5190,4,331,474,53,72,32,36,30,586,FALSO,33,47,5,1,1,0,16,8,0,6,1731,1,64,1796,2546,26%
5191,3,424,225,42,38,35,23,19,485,FALSO,19,45,11,4,1,0,8,1,0,1,1381,1,20,1402,1788,16%
5192,2,291,210,32,49,23,16,11,340,FALSO,13,38,2,4,0,0,3,4,0,0,1036,1,18,1055,1341,20%
5193,2,307,160,31,43,25,15,8,316,FALSO,24,25,4,1,1,0,5,3,0,5,973,0,23,996,1274,16%
5194,1,76,42,9,7,9,5,2,111,FALSO,5,11,1,0,0,0,1,1,1,0,281,0,6,287,398,15%
5195,1,59,29,3,4,2,1,0,43,FALSO,3,5,0,0,0,0,1,0,0,0,150,0,1,151,192,19%
5196,1,90,64,4,10,11,1,2,72,FALSO,5,9,1,0,1,0,2,1,0,0,273,0,7,280,384,23%
5197,1,81,82,13,5,7,9,7,96,FALSO,7,9,1,1,1,0,4,2,0,1,326,0,6,332,436,25%
5198,2,272,199,32,37,19,27,16,325,FALSO,21,37,4,1,1,0,6,2,0,6,1005,0,15,1020,1372,20%
5199,1,164,97,11,15,12,8,10,149,FALSO,10,18,2,0,0,0,3,0,0,2,501,0,10,511,666,19%
5200,2,174,161,21,25,21,18,12,228,FALSO,11,31,5,3,1,0,2,0,0,0,713,0,11,724,921,22%
5201,2,394,216,42,29,25,21,15,337,FALSO,15,46,5,1,1,0,2,3,0,0,1152,0,25,1177,1500,18%
5202,2,416,239,26,39,32,13,4,294,FALSO,10,45,13,0,0,0,3,0,0,2,1136,0,28,1164,1466,21%
5203,4,620,436,58,78,49,28,29,676,FALSO,47,64,11,2,0,0,22,1,0,2,2123,4,34,2161,2806,20%
5204,1,44,36,1,7,3,1,1,33,#¡CALC!,0,4,1,1,0,0,0,1,0,0,133,0,2,135,171,27%
5205,1,142,86,29,20,11,10,2,184,FALSO,4,16,4,0,0,0,2,1,0,1,512,0,9,521,670,17%
5206,2,211,142,11,23,17,9,6,188,FALSO,14,16,3,1,0,2,1,0,0,0,644,0,8,652,830,22%
5207,1,175,99,9,27,22,12,6,162,FALSO,6,15,4,0,0,0,0,0,0,0,537,1,10,548,702,18%
5208,1,64,52,2,5,5,4,3,67,FALSO,1,3,1,0,0,0,0,1,0,0,208,0,4,212,271,25%
5209,1,64,44,4,10,7,3,5,70,FALSO,5,14,3,0,0,0,1,1,0,0,231,0,9,240,326,18%
5210,1,116,81,5,16,7,1,6,128,FALSO,3,11,1,1,0,0,3,1,0,0,380,0,3,383,503,21%
5211,1,122,75,5,26,13,8,4,123,FALSO,12,20,1,3,1,0,4,0,1,0,418,0,13,431,531,17%
5212,1,71,40,4,11,4,5,2,80,FALSO,2,10,0,1,0,0,0,0,0,1,231,0,3,234,312,17%
5213,2,255,140,15,36,9,7,9,209,FALSO,6,21,5,1,1,0,3,2,1,0,720,1,13,734,908,19%
5214,2,351,168,33,36,15,15,16,250,FALSO,14,33,5,2,0,0,4,2,0,1,945,1,29,975,1271,17%
5215,2,192,120,10,28,14,8,3,165,FALSO,10,16,1,1,0,0,1,1,0,3,573,4,10,587,765,20%
5216,2,218,117,13,36,14,14,1,195,FALSO,18,20,2,0,1,0,2,0,0,0,651,0,8,659,778,18%
5217,2,222,148,28,43,15,17,14,279,FALSO,19,37,3,1,0,0,6,0,0,1,833,1,24,858,1088,17%
5218,2,315,171,18,65,14,17,6,333,FALSO,21,31,6,2,0,0,4,3,0,1,1007,0,11,1018,1267,17%
5219,2,317,225,32,74,34,17,17,387,FALSO,19,46,9,2,0,0,16,4,0,1,1200,1,18,1219,1472,18%
5220,2,263,195,21,38,14,28,11,224,FALSO,16,27,3,1,1,0,4,2,2,0,850,0,21,871,1069,22%
5221,2,208,150,17,35,12,11,7,190,FALSO,13,21,3,0,0,0,2,1,0,0,670,0,9,679,828,22%
5222,2,196,143,18,15,16,6,21,234,FALSO,19,22,7,0,0,0,7,0,0,0,704,0,22,726,943,20%
5223,2,235,146,22,42,16,14,15,265,FALSO,15,26,2,1,0,0,6,1,0,2,808,2,18,828,1095,18%
5224,2,229,128,16,36,18,10,14,244,FALSO,12,23,5,0,1,1,3,1,0,0,741,1,12,754,973,17%
5225,2,251,117,16,24,9,9,4,194,FALSO,9,22,10,1,0,0,1,3,2,0,672,1,14,687,886,17%
5226,2,263,167,20,34,27,13,12,234,FALSO,8,41,6,1,0,0,7,0,0,0,833,2,20,855,1090,20%
5227,2,308,135,29,37,26,19,14,298,FALSO,26,69,0,1,0,0,4,0,0,4,970,1,17,988,1259,14%
5228,2,216,143,19,27,31,13,6,266,FALSO,17,36,2,2,0,0,9,0,3,1,791,0,19,810,1018,18%
5229,2,215,155,28,21,20,18,15,234,FALSO,14,25,5,1,0,1,8,2,0,2,764,1,12,777,1006,20%
5230,2,177,102,8,36,16,3,7,163,FALSO,7,74,0,1,0,0,2,0,0,0,596,0,10,606,771,17%
5231,2,346,157,26,59,33,19,10,319,FALSO,32,40,2,2,2,0,4,0,0,0,1051,2,25,1078,1419,15%
5232,3,426,215,35,40,29,19,25,364,FALSO,16,38,7,3,1,0,8,4,2,1,1233,1,29,1263,1677,17%
5233,2,300,126,10,54,11,7,2,175,FALSO,10,20,3,1,0,0,5,2,0,2,728,0,16,744,899,17%
5234,2,231,139,17,46,16,6,4,240,FALSO,18,23,0,0,0,1,4,1,2,2,750,0,13,763,943,18%
5235,2,232,151,22,48,10,14,8,275,FALSO,9,40,3,0,1,0,7,1,0,1,822,4,16,842,1078,18%
5236,3,337,233,24,95,26,18,12,463,FALSO,28,38,3,0,0,0,7,2,1,3,1290,0,13,1303,1572,18%
5237,3,295,224,30,36,24,17,15,418,FALSO,14,46,5,4,1,0,7,1,0,3,1140,0,31,1171,1552,19%
5238,2,247,157,15,38,21,7,14,240,FALSO,19,27,3,0,0,0,4,1,0,2,795,0,16,811,967,19%
5239,2,198,163,15,26,19,7,15,226,FALSO,9,38,3,1,0,0,3,2,0,0,725,0,17,742,932,22%
5240,2,347,215,35,57,33,19,12,354,FALSO,28,47,9,1,1,0,3,3,0,1,1165,1,16,1182,1461,18%
5241,2,294,191,19,44,22,15,9,279,FALSO,22,38,3,2,2,1,53,0,0,0,994,0,27,1021,1230,19%
5242,3,427,165,33,37,18,18,16,374,FALSO,13,38,6,0,0,0,5,4,2,3,1159,0,20,1179,1521,14%
5243,2,272,152,13,42,23,10,7,292,FALSO,16,31,1,1,0,0,7,4,0,0,871,0,19,890,1186,17%
5244,2,362,194,30,42,28,13,22,280,FALSO,17,38,0,0,1,0,10,4,2,2,1045,0,19,1064,1462,18%
5245,3,363,229,36,39,28,29,13,357,FALSO,15,52,1,1,0,0,15,1,1,0,1180,1,41,1222,1614,19%
5246,2,129,97,27,23,23,16,19,233,FALSO,16,33,5,0,1,1,4,0,0,0,627,0,11,638,978,15%
5247,4,178,109,16,27,12,8,8,189,FALSO,11,16,3,0,0,0,7,2,0,1,587,1,6,594,851,18%
5248,3,584,240,42,80,44,27,27,400,FALSO,28,52,7,4,1,0,8,3,1,1,1549,0,22,1571,2061,15%
5249,2,308,123,29,23,20,22,11,290,FALSO,16,49,5,2,1,0,2,3,0,0,904,1,21,926,1208,13%
5250,2,218,145,45,30,30,18,17,291,FALSO,19,31,8,1,0,0,5,1,1,2,862,0,22,884,1249,16%
5251,3,257,224,52,43,37,14,16,417,FALSO,20,29,2,1,1,0,8,3,1,4,1129,0,23,1152,1608,19%
5252,3,268,217,51,44,27,15,19,330,FALSO,19,40,2,0,1,0,17,2,1,4,1057,0,33,1090,1506,20%
5253,2,248,141,23,18,30,10,13,245,FALSO,14,27,3,1,0,0,5,1,0,3,782,0,17,799,1203,18%
5254,2,292,182,32,47,25,16,11,314,FALSO,15,37,10,2,1,0,5,4,0,1,994,1,32,1027,1365,18%
5255,3,306,269,48,53,41,28,24,468,FALSO,28,52,5,1,3,6,9,4,0,1,1346,0,18,1364,1838,20%
5256,3,279,210,42,39,45,23,20,397,FALSO,22,47,2,2,0,0,16,2,0,0,1146,0,30,1176,1712,18%
5257,3,224,273,32,30,27,20,11,413,FALSO,24,38,3,2,1,2,6,5,0,0,1111,0,33,1144,1625,24%
5258,3,315,253,43,40,39,25,19,442,FALSO,21,39,2,2,2,0,10,2,2,1,1257,0,36,1293,1740,20%
5259,3,251,225,63,36,33,20,19,387,FALSO,22,32,6,1,1,6,5,0,0,2,1109,0,31,1140,1634,20%
5260,2,196,190,22,45,23,18,16,342,FALSO,21,39,2,0,0,0,9,3,0,4,930,2,24,956,1266,20%
5261,4,379,366,68,56,51,35,230,535,FALSO,38,60,5,2,0,0,10,3,3,9,1850,1,38,1889,2848,19%
5262,3,241,261,46,43,26,30,15,411,FALSO,20,39,6,0,1,0,11,5,1,8,1164,0,31,1195,1716,22%
5263,4,441,260,56,55,75,29,34,544,FALSO,36,75,9,2,0,0,10,3,1,0,1630,0,41,1671,2362,16%
5264,3,434,202,34,51,34,18,29,471,FALSO,18,40,7,0,2,0,4,5,3,2,1354,3,39,1396,1841,14%
5265,3,387,204,66,39,45,25,12,470,FALSO,28,32,4,3,1,0,12,6,0,3,1337,3,16,1356,1798,15%
5266,5,360,969,74,87,58,35,58,514,#¡CALC!,53,60,11,2,2,6,27,5,1,18,2340,0,67,2407,3351,40%
5267,5,249,821,70,61,56,42,38,511,#¡CALC!,44,56,25,0,1,1,20,5,0,7,2007,5,84,2096,3016,39%
5268,4,302,750,70,61,40,44,31,466,#¡CALC!,77,59,7,5,2,0,17,2,0,8,1941,0,72,2013,2930,37%
5269,7,463,1333,90,91,68,52,35,750,#¡CALC!,67,71,14,5,0,1,36,10,1,10,3097,1,134,3232,4688,41%
5270,5,347,766,79,80,44,50,34,605,#¡CALC!,47,49,8,2,3,0,24,9,5,12,2164,1,99,2264,3306,34%
5271,12,1130,1437,170,191,128,134,84,1739,FALSO,99,182,27,11,5,0,49,18,4,8,5416,6,173,5595,7955,26%
5272,5,765,484,69,94,69,52,32,889,FALSO,48,99,12,4,0,0,15,1,0,6,2639,5,42,2686,3378,18%
5273,3,291,247,41,53,28,22,15,395,FALSO,23,31,4,2,3,0,11,2,1,4,1173,0,36,1209,1734,20%
5274,4,442,318,56,27,39,20,22,679,FALSO,26,58,5,2,0,0,8,1,0,2,1705,0,36,1741,2323,18%
5275,3,377,233,55,45,25,23,14,478,FALSO,34,32,5,5,0,1,4,1,1,2,1335,0,24,1359,1789,17%
5276,2,217,230,53,25,30,25,18,334,FALSO,21,33,7,2,1,0,6,0,1,1,1004,0,37,1041,1489,22%
5277,3,407,251,63,58,41,38,23,508,FALSO,32,39,3,1,1,0,10,1,0,3,1479,3,38,1520,2087,17%
5278,6,710,411,114,96,73,59,79,1029,FALSO,67,81,19,8,2,1,27,2,0,4,2782,0,69,2851,3971,14%
5279,2,240,183,26,32,19,13,17,318,FALSO,11,30,6,2,1,0,9,1,0,5,913,0,21,934,1226,20%
5280,8,1196,502,115,147,88,93,57,1487,FALSO,78,163,16,1,3,4,29,4,2,6,3991,2,74,4067,5980,12%
5281,5,750,310,59,78,52,39,40,805,FALSO,45,81,12,3,3,0,23,3,0,1,2304,1,42,2347,3277,13%
5282,2,207,168,31,24,17,20,8,317,FALSO,24,18,0,0,0,0,15,3,0,1,853,2,25,880,1173,19%
5283,4,431,285,52,66,55,31,31,620,FALSO,31,42,9,1,1,0,30,1,0,2,1688,1,48,1737,2389,16%
5284,3,480,216,42,45,27,21,23,408,FALSO,21,36,2,1,0,0,7,2,0,2,1333,0,30,1363,1739,16%
5285,5,546,466,76,75,50,69,44,799,FALSO,52,79,11,2,2,0,19,2,2,6,2300,1,75,2376,3598,20%
5286,4,442,352,53,80,46,50,23,696,FALSO,37,41,6,2,1,0,8,6,1,1,1845,2,48,1895,2708,19%
5287,4,534,355,69,77,49,32,29,548,FALSO,43,43,7,2,1,0,6,1,0,0,1796,1,43,1840,2352,19%
5288,3,346,200,29,40,23,17,14,398,FALSO,23,61,2,2,2,0,4,3,0,0,1164,4,17,1185,1504,17%
5289,3,379,202,41,44,36,24,20,438,FALSO,32,30,6,2,1,0,11,3,1,1,1271,1,34,1306,1770,15%
5290,2,267,199,31,43,25,29,21,374,FALSO,25,18,4,1,1,0,6,1,1,1,1047,1,31,1079,1409,18%
5291,5,520,349,62,73,51,44,29,772,FALSO,49,82,20,3,1,2,26,5,0,9,2097,1,49,2147,3004,16%
5292,5,604,381,93,89,49,40,44,892,FALSO,38,84,13,4,3,0,20,7,2,6,2369,7,40,2416,3227,16%
5293,3,388,324,47,49,34,31,22,574,FALSO,28,51,4,4,0,0,14,6,0,3,1579,0,27,1606,2204,20%
5294,3,376,267,34,50,25,27,22,437,FALSO,28,39,4,1,2,4,7,1,1,0,1325,0,38,1363,1861,20%
5295,7,970,535,135,120,71,64,45,1054,FALSO,55,86,15,5,2,3,24,9,1,7,3201,8,87,3296,4903,16%
5296,9,1156,782,199,148,106,76,87,1550,FALSO,78,183,26,5,4,2,35,11,3,11,4462,8,105,4575,6384,17%
5297,6,830,439,105,93,71,50,38,897,FALSO,51,65,16,3,0,0,29,3,1,5,2696,1,75,2772,4114,16%
5298,8,734,646,108,132,90,83,103,1264,FALSO,78,97,25,5,1,0,31,5,1,4,3407,2,107,3516,5408,18%
5299,2,266,141,51,18,19,17,16,312,FALSO,18,47,3,2,3,1,10,2,0,1,927,0,20,947,1162,15%
5300,3,324,176,51,51,35,22,21,381,FALSO,24,31,5,4,1,0,10,0,0,4,1140,0,32,1172,1626,15%
5301,2,271,162,32,36,29,22,16,384,FALSO,34,35,5,2,0,0,8,0,2,1,1039,0,29,1068,1470,15%
5302,2,346,235,41,47,18,28,14,367,FALSO,22,39,3,3,1,0,9,3,0,0,1176,5,28,1209,1414,19%
5303,10,1317,915,139,143,119,93,73,1751,FALSO,100,161,22,10,1,0,41,14,1,7,4907,3,135,5045,7258,18%
5304,4,638,373,52,92,42,33,34,768,FALSO,36,66,8,2,2,0,8,4,1,5,2164,1,63,2228,2863,17%
5305,6,1006,444,89,152,68,45,30,1034,FALSO,39,120,10,5,1,0,15,3,0,3,3064,3,62,3129,3918,14%
5306,4,469,297,46,71,31,29,29,562,FALSO,33,76,11,2,0,0,7,1,0,4,1668,2,41,1711,2298,17%
5307,2,264,144,17,27,27,16,11,262,FALSO,13,33,6,2,2,0,10,1,0,0,835,1,14,850,1104,17%
5308,2,238,149,14,41,9,10,12,240,FALSO,28,26,2,1,0,1,8,1,0,0,780,0,12,792,1040,19%
5309,6,728,469,97,117,66,52,51,900,FALSO,60,88,16,4,2,1,13,3,0,4,2671,3,65,2739,3752,17%
5310,3,360,333,61,56,35,25,21,426,FALSO,28,65,4,1,2,0,7,2,2,3,1431,4,35,1470,2195,23%
5311,3,359,371,42,58,44,36,27,517,FALSO,30,46,9,2,1,0,12,4,3,3,1564,0,31,1595,2142,23%
5312,2,264,149,14,34,18,13,4,272,FALSO,15,50,5,1,1,0,5,1,0,2,848,0,14,862,1086,17%
5313,2,378,184,36,49,27,17,11,319,FALSO,23,28,6,0,1,0,4,0,0,0,1083,1,20,1104,1470,17%
5314,3,377,191,29,49,26,23,11,381,FALSO,25,42,5,1,4,0,15,1,0,0,1180,1,17,1198,1576,16%
5315,1,175,93,14,24,15,8,7,187,FALSO,9,17,3,1,0,0,4,0,0,1,558,0,10,568,709,16%
5316,4,376,298,59,58,44,15,23,557,FALSO,19,86,5,4,0,0,9,2,1,0,1556,0,37,1593,2254,19%
5317,7,733,557,100,106,73,69,55,1187,FALSO,75,128,16,4,4,0,33,6,3,8,3157,3,96,3256,4828,17%
5318,6,648,484,98,84,68,35,35,1019,FALSO,66,79,18,0,2,0,21,2,0,7,2666,0,60,2726,4104,18%
5319,4,363,298,60,61,42,40,35,565,FALSO,28,66,4,5,0,0,8,4,2,4,1585,1,51,1637,2292,18%
5320,4,502,282,72,70,41,36,28,614,FALSO,34,52,11,3,1,0,4,5,1,3,1759,0,34,1793,2398,16%
5321,2,295,201,34,32,35,20,19,380,FALSO,21,34,8,2,2,1,4,3,0,1,1092,2,29,1123,1471,18%
5322,3,341,221,54,37,34,24,18,420,FALSO,28,49,3,1,1,0,11,2,0,2,1246,1,27,1274,1686,17%
5323,6,784,514,104,119,95,71,40,970,FALSO,57,94,17,4,3,1,17,4,1,6,2901,0,87,2988,4265,17%
5324,4,337,279,55,46,39,36,36,593,FALSO,35,85,3,1,0,0,11,5,10,2,1573,0,44,1617,2262,17%
5325,3,345,235,58,47,31,38,21,473,FALSO,43,42,5,6,0,0,8,0,1,3,1356,2,48,1406,1881,17%
5326,4,452,368,63,80,52,37,31,577,FALSO,33,55,11,3,4,0,19,1,0,3,1789,2,46,1837,2480,20%
5327,3,258,208,47,45,36,24,18,407,FALSO,27,42,6,1,1,0,10,5,0,3,1138,0,13,1151,1574,18%
5328,2,250,139,46,21,16,11,7,226,FALSO,17,34,11,0,1,0,4,3,0,3,789,0,15,804,1022,17%
5329,4,536,315,58,76,45,27,20,605,FALSO,39,46,10,3,0,1,16,7,1,4,1809,3,50,1862,2474,17%
5330,6,819,496,148,122,101,49,34,1000,FALSO,72,66,16,1,1,1,23,5,1,10,2965,3,79,3047,4337,16%
5331,2,260,186,41,34,38,23,6,293,FALSO,49,25,4,0,0,1,10,3,0,5,978,0,21,999,1349,19%
5332,2,266,147,39,22,27,9,10,298,FALSO,27,17,5,2,1,0,16,0,0,5,891,0,31,922,1289,16%
5333,3,392,208,53,34,63,17,19,388,FALSO,32,38,9,2,0,0,6,1,1,4,1267,0,20,1287,1677,16%
5334,4,596,318,72,63,88,49,25,645,FALSO,50,78,14,1,1,0,14,2,0,9,2025,0,55,2080,2780,15%
5335,8,984,568,127,154,113,69,61,1255,FALSO,94,124,20,6,4,0,31,11,1,12,3634,2,83,3719,5358,15%
5336,4,484,360,111,67,50,27,34,590,FALSO,46,55,10,2,0,0,11,3,0,2,1852,1,53,1906,2701,19%
5337,5,445,380,79,71,56,31,36,794,FALSO,43,62,9,3,0,0,21,2,1,5,2038,0,69,2107,3317,18%
5338,3,274,261,46,54,48,28,25,497,FALSO,30,35,6,0,0,0,10,6,0,0,1320,0,37,1357,1992,19%
5339,4,326,331,66,60,45,26,34,607,FALSO,37,44,3,10,0,0,11,3,0,3,1606,2,37,1645,2430,20%
5340,3,304,143,38,50,16,10,22,395,FALSO,25,39,8,0,0,0,10,4,1,2,1067,0,21,1088,1531,13%
5341,3,416,189,55,47,34,38,21,501,FALSO,27,65,6,3,0,0,11,3,0,0,1416,2,26,1444,1939,13%
5342,3,394,243,50,62,35,36,22,540,FALSO,30,54,6,2,0,0,19,3,2,4,1502,0,51,1553,2150,16%
5343,4,407,336,60,70,62,44,37,734,FALSO,47,79,5,1,2,0,20,4,1,3,1912,3,60,1975,2873,17%
5344,2,222,162,48,38,24,11,20,328,FALSO,19,32,3,1,0,0,7,0,3,3,921,1,24,946,1371,17%
5345,6,875,448,78,119,90,55,49,957,FALSO,51,116,15,1,2,0,28,4,2,3,2893,1,72,2966,4096,15%
5346,4,778,346,67,88,44,43,42,652,FALSO,35,85,10,6,1,0,17,3,0,1,2218,1,39,2258,2943,15%
5347,4,487,262,86,69,57,45,23,617,FALSO,33,72,6,4,0,0,9,2,1,2,1775,1,39,1815,2376,14%
5348,4,553,319,56,60,58,42,28,700,FALSO,37,76,15,2,0,0,17,5,1,8,1977,3,51,2031,2779,16%
5349,9,1042,684,157,136,156,90,77,1410,FALSO,81,151,10,2,3,0,29,9,0,4,4041,3,117,4161,6230,16%
5350,10,1248,702,214,157,210,105,81,1735,FALSO,98,159,22,8,0,2,40,20,1,7,4809,3,115,4927,6977,14%
5351,5,628,386,127,81,94,43,53,907,FALSO,39,118,19,5,0,0,33,8,0,5,2546,1,71,2618,3449,15%
5352,2,118,99,21,14,25,11,20,227,FALSO,13,15,1,0,0,0,0,0,0,1,565,0,12,577,770,17%
5353,2,220,158,26,40,23,12,19,343,FALSO,14,31,0,1,0,0,12,3,0,1,903,1,28,932,1188,17%
5354,6,676,529,150,128,69,58,61,1083,FALSO,61,95,7,7,1,6,14,4,2,3,2954,1,65,3020,4140,18%
5355,6,599,505,63,90,56,35,32,622,FALSO,49,28,31,9,0,0,27,7,0,7,2160,0,100,2260,4092,22%
5356,4,452,500,69,63,31,28,25,636,FALSO,32,23,18,8,0,1,15,5,0,5,1911,0,69,1980,2741,25%
5357,3,318,212,51,27,5,13,5,226,FALSO,10,6,8,3,0,1,12,1,1,1,900,2,43,945,1578,22%
5358,3,509,227,83,48,27,17,10,269,FALSO,29,22,15,11,3,1,16,2,2,5,1296,2,68,1366,1955,17%
5359,5,662,559,140,79,46,41,16,665,FALSO,45,32,22,9,5,0,12,1,0,6,2340,1,83,2424,3446,23%
5360,3,377,312,93,64,28,24,29,514,FALSO,30,28,7,8,1,1,18,6,1,6,1547,0,50,1597,2210,20%
5361,3,436,305,86,51,37,27,13,310,FALSO,32,25,15,4,3,0,13,3,0,2,1362,0,59,1421,2125,21%
5362,8,925,738,211,107,50,72,61,1263,FALSO,77,75,36,5,6,6,32,6,3,13,3686,7,78,3771,5872,20%
5363,5,596,453,67,48,40,35,29,744,FALSO,40,32,13,0,0,1,10,4,0,2,2114,1,48,2163,2981,21%
5364,5,415,532,61,96,44,37,28,777,FALSO,41,48,7,3,1,1,26,7,0,8,2132,0,66,2198,3192,24%
5365,3,339,366,39,54,37,18,13,503,FALSO,38,29,13,3,1,0,25,4,1,3,1486,0,53,1539,2186,24%
5367,3,292,313,70,42,130,20,21,357,FALSO,24,23,18,3,3,0,22,3,4,5,1350,0,49,1399,2000,22%
5368,4,284,756,69,58,45,31,18,524,#¡CALC!,30,33,5,1,1,1,36,7,1,11,1911,1,76,1988,2974,38%
5369,3,319,339,54,46,30,48,23,420,FALSO,19,36,5,3,1,0,13,6,0,4,1366,0,69,1435,2015,24%
5370,4,346,579,82,77,35,37,28,505,#¡CALC!,44,29,7,4,2,0,23,4,0,4,1806,3,84,1893,2709,31%
5371,2,196,179,39,30,12,14,18,292,FALSO,26,21,2,0,1,0,12,4,0,2,848,0,21,869,1219,21%
5372,6,688,435,144,86,72,56,31,868,FALSO,52,63,15,4,1,1,26,1,2,5,2550,3,59,2612,3832,17%
5373,4,609,380,61,71,49,33,23,624,FALSO,45,44,13,1,2,0,22,5,0,8,1990,1,64,2055,2847,18%
5374,4,367,376,73,73,34,25,32,541,FALSO,36,20,14,5,1,0,23,5,0,7,1632,0,64,1696,2494,22%
5375,4,423,420,49,53,50,24,32,375,#¡CALC!,30,34,13,7,4,0,27,2,3,5,1551,1,47,1599,2381,26%
5376,6,745,563,99,85,68,43,39,866,FALSO,69,66,14,7,3,0,34,8,0,7,2716,10,73,2799,3935,20%
5377,3,291,250,45,42,21,25,15,295,FALSO,34,21,5,1,0,0,10,2,0,2,1059,0,48,1107,1605,23%
5378,5,602,540,106,96,43,27,33,589,FALSO,51,45,19,2,0,4,9,9,0,6,2181,0,61,2242,3166,24%
5379,4,459,400,67,70,25,35,27,580,FALSO,48,48,11,1,1,0,20,6,1,14,1813,2,49,1864,2591,21%
5380,3,390,280,45,45,30,27,27,536,FALSO,29,35,7,1,0,0,8,3,1,4,1468,0,45,1513,1993,19%
5381,5,605,745,77,90,53,44,35,649,#¡CALC!,42,56,17,3,7,1,27,5,0,4,2460,4,100,2564,3661,29%
5382,6,709,704,111,144,75,60,45,971,FALSO,66,84,27,2,0,0,46,6,1,4,3055,0,95,3150,4387,22%
5383,3,348,368,63,51,30,35,21,484,FALSO,28,43,15,3,0,0,23,3,1,2,1518,2,55,1575,2186,23%
5384,5,551,618,111,86,50,45,27,603,#¡CALC!,64,59,12,6,0,0,22,7,1,6,2268,1,95,2364,3320,26%
5385,2,195,316,19,28,11,11,18,265,#¡CALC!,16,27,2,1,0,1,16,1,0,2,929,0,47,976,1241,32%
5386,3,190,511,36,34,25,15,17,498,#¡CALC!,24,31,4,2,0,1,24,7,2,4,1425,0,19,1444,2202,35%
5387,3,218,306,57,31,27,12,13,353,FALSO,26,25,11,2,0,5,16,5,3,5,1115,1,51,1167,1643,26%
5388,5,500,657,104,67,53,46,32,750,FALSO,56,76,7,4,1,0,22,5,6,8,2394,0,115,2509,3668,26%
5389,6,477,782,82,50,38,38,32,646,#¡CALC!,56,63,14,7,3,0,38,6,1,9,2342,1,130,2473,3784,32%
5390,7,724,619,102,109,72,46,32,1061,FALSO,54,42,13,3,0,0,19,10,2,11,2919,0,97,3016,4388,21%
5391,4,346,482,44,38,34,19,15,592,FALSO,18,33,4,2,2,1,12,2,0,3,1647,0,58,1705,2507,28%
5392,4,328,507,59,66,35,19,22,619,FALSO,47,33,7,6,0,0,33,3,0,9,1793,0,72,1865,2718,27%
5393,4,346,374,59,47,30,24,21,769,FALSO,33,28,9,5,1,0,23,5,2,5,1781,0,60,1841,2683,20%
5394,5,967,474,67,65,69,40,22,755,FALSO,48,61,17,11,1,8,24,7,2,5,2643,0,89,2732,3741,17%
5395,2,128,350,19,28,24,14,14,225,#¡CALC!,21,21,1,2,0,2,9,1,0,3,862,0,52,914,1258,38%
5396,3,454,252,56,41,26,23,25,234,#¡CALC!,143,32,25,11,1,1,5,7,0,8,1344,0,57,1401,1933,18%
5397,5,484,667,91,78,61,33,30,622,#¡CALC!,43,36,14,11,1,1,30,4,1,6,2213,2,100,2315,3655,29%
5398,4,469,464,56,68,37,33,38,923,FALSO,34,50,13,2,3,0,16,6,1,8,2221,0,29,2250,2992,21%
5399,5,595,518,72,97,40,41,31,906,FALSO,37,43,7,6,0,0,16,2,1,6,2418,1,55,2474,3286,21%
5400,3,371,342,57,58,32,26,13,571,FALSO,30,41,6,2,1,0,13,2,0,5,1570,0,38,1608,2121,21%
5401,5,470,581,65,70,45,27,33,669,FALSO,42,48,10,5,2,0,21,7,1,8,2104,0,66,2170,3197,27%
5402,3,385,179,47,49,40,25,21,407,FALSO,30,23,6,3,1,1,18,10,0,4,1249,2,66,1317,1875,14%
5403,4,535,317,53,79,40,36,40,705,FALSO,49,56,9,5,1,0,21,2,0,6,1954,0,56,2010,2737,16%
5404,5,432,727,83,78,51,49,39,692,#¡CALC!,48,42,14,5,2,2,19,4,1,7,2295,0,97,2392,3598,30%
5405,4,505,386,69,77,46,35,28,630,FALSO,46,61,15,3,0,1,25,8,3,13,1951,4,85,2040,2876,19%
5406,4,454,405,63,66,39,25,18,609,FALSO,54,19,10,6,1,5,21,7,7,17,1826,8,49,1883,2658,22%
5407,4,357,445,72,67,47,27,20,665,FALSO,46,31,6,4,0,0,31,2,0,15,1835,16,55,1906,2708,23%
5408,4,446,362,67,74,28,42,32,582,FALSO,27,33,3,4,0,6,10,4,2,6,1728,1,47,1776,2454,20%
5409,3,267,322,41,54,35,17,24,431,FALSO,37,22,5,0,0,2,10,4,19,0,1290,3,47,1340,2091,24%
5410,6,545,661,88,120,38,27,37,934,FALSO,67,46,15,5,3,1,44,9,13,8,2661,0,87,2748,4139,24%
5411,4,339,506,59,58,35,35,16,812,FALSO,36,25,9,4,1,2,15,7,9,11,1979,0,60,2039,2942,25%
5412,5,290,501,60,61,47,20,30,866,FALSO,35,29,14,4,1,0,18,4,2,6,1988,0,50,2038,3241,25%
5413,2,127,129,35,34,21,12,7,283,FALSO,21,7,5,2,1,0,12,0,0,0,696,0,28,724,1014,18%
5414,7,813,637,117,135,67,72,47,1226,FALSO,71,92,12,4,3,0,28,9,0,7,3340,2,112,3454,5098,18%
5415,5,512,362,64,90,61,36,34,831,FALSO,52,48,8,2,1,1,24,7,3,3,2139,3,50,2192,3188,17%
5416,6,904,511,96,119,68,45,42,943,FALSO,48,71,19,3,2,1,21,9,3,7,2912,0,80,2992,4498,17%
5417,9,1038,575,115,128,99,95,67,1470,FALSO,90,105,11,8,5,9,34,10,0,6,3865,8,105,3978,5788,14%
5418,5,520,342,70,63,71,38,193,529,FALSO,98,71,12,3,0,2,11,8,1,5,2037,0,39,2076,3210,16%
5419,3,412,299,72,58,44,10,17,373,FALSO,25,28,13,6,1,0,9,6,0,6,1379,3,38,1420,1984,21%
5420,3,284,220,40,49,35,16,17,359,FALSO,22,26,5,1,0,0,4,3,0,1,1082,0,27,1109,1650,20%
5421,3,423,236,41,35,31,16,28,379,FALSO,25,33,2,5,2,0,8,2,2,1,1269,0,37,1306,1741,18%
5422,4,472,292,75,53,38,25,24,567,FALSO,31,44,17,4,1,2,13,3,0,0,1661,0,59,1720,2309,17%
5423,4,376,289,71,49,63,24,15,791,FALSO,39,29,8,0,0,2,27,8,2,8,1801,10,70,1881,2805,15%
5424,3,284,197,32,55,29,22,17,426,FALSO,26,19,5,4,1,4,10,3,1,5,1140,0,36,1176,1717,17%
5425,5,861,410,81,107,64,45,34,912,FALSO,37,33,11,5,2,0,24,7,2,1,2636,11,62,2709,3653,15%
5426,2,166,160,43,29,43,19,16,282,FALSO,21,18,5,0,1,0,10,4,0,5,822,0,38,860,1341,19%
5427,1,70,77,31,21,13,4,5,94,FALSO,9,7,1,1,0,1,5,3,0,1,343,0,16,359,538,21%
5428,4,333,235,92,54,91,35,21,621,FALSO,33,40,10,4,2,0,15,5,1,8,1600,0,46,1646,2503,14%
5429,3,233,130,58,49,52,29,24,437,FALSO,28,30,4,0,0,0,15,6,1,4,1100,1,30,1131,1581,11%
5430,3,311,232,79,51,98,29,23,573,FALSO,30,50,6,1,1,0,20,1,0,2,1507,0,38,1545,2214,15%
5431,5,438,255,90,79,128,46,28,882,FALSO,58,54,11,7,4,0,30,3,1,3,2117,7,66,2190,3284,12%
5432,3,220,185,43,40,45,28,16,439,FALSO,27,29,5,1,0,0,16,4,0,5,1103,0,30,1133,1640,16%
5433,5,490,247,142,78,136,45,31,941,FALSO,60,47,13,5,0,0,32,4,1,11,2283,3,68,2354,3615,10%
5434,5,552,382,123,106,93,41,35,835,FALSO,64,44,13,4,4,0,24,2,1,2,2325,0,46,2371,3282,16%
5435,3,325,192,107,54,50,28,25,563,FALSO,34,49,2,2,0,0,12,4,0,1,1448,0,30,1478,1947,13%
5436,4,524,311,137,74,76,31,25,746,FALSO,30,55,13,4,2,0,23,2,2,8,2063,0,52,2115,2963,15%
5437,6,643,484,88,99,96,48,54,938,FALSO,57,81,10,2,4,0,21,7,1,5,2638,8,76,2722,3908,18%
5438,5,456,436,117,80,89,37,30,916,FALSO,52,51,18,3,0,0,35,12,1,8,2341,16,79,2436,3594,18%
5439,5,511,449,70,92,45,54,36,804,FALSO,46,88,8,5,2,2,21,6,0,8,2247,12,70,2329,3518,19%
5440,11,1113,1009,182,154,139,78,81,1594,FALSO,74,142,23,4,4,0,31,9,5,13,4655,2,151,4808,7509,21%
5441,3,261,354,47,38,18,11,17,336,#¡CALC!,24,17,3,5,1,0,10,11,1,0,1154,0,79,1233,1857,29%
5442,3,233,407,36,40,31,23,15,392,#¡CALC!,32,22,5,1,0,0,12,4,2,3,1258,0,48,1306,2211,31%
6433,1,52,108,7,10,0,5,4,67,#¡CALC!,7,3,1,2,0,0,6,0,0,1,273,0,6,279,454,39%
6434,2,169,89,13,13,9,6,9,222,FALSO,13,29,2,2,1,0,3,1,1,1,583,1,11,595,784,15%
6435,2,163,84,21,20,14,8,12,189,FALSO,14,23,1,0,0,0,2,0,0,2,553,0,14,567,760,15%
6436,1,71,133,19,15,16,7,6,151,FALSO,21,10,1,4,1,0,15,3,0,2,475,0,25,500,686,27%
6437,2,175,115,13,15,15,7,9,187,FALSO,10,12,3,0,0,0,3,0,0,0,564,0,13,577,751,20%
6438,1,97,90,14,27,11,6,8,130,FALSO,10,11,1,1,0,0,8,0,0,0,414,0,12,426,596,21%
6439,2,326,116,25,16,28,16,15,418,FALSO,22,30,3,0,1,1,8,0,0,1,1026,1,28,1055,1485,11%
6440,1,67,81,17,9,9,6,4,91,FALSO,1,10,4,4,0,0,4,1,0,1,309,0,16,325,430,25%
6441,2,185,104,17,12,11,12,6,218,FALSO,11,23,1,1,0,0,2,2,0,0,605,0,10,615,810,17%
6442,2,269,86,16,21,17,12,10,302,FALSO,10,19,4,3,2,0,5,0,0,1,777,0,15,792,1020,11%
6443,1,71,136,17,17,7,7,3,107,#¡CALC!,4,7,0,3,0,0,10,1,0,1,391,0,17,408,560,33%
6444,1,129,58,12,13,6,4,1,159,FALSO,8,12,3,0,0,0,8,1,0,1,415,0,7,422,582,14%
6445,1,129,78,11,8,21,7,7,153,FALSO,15,15,2,1,0,0,6,0,0,1,454,0,7,461,600,17%
6446,1,108,64,17,5,9,5,12,150,FALSO,16,14,4,0,0,0,7,1,0,1,413,0,5,418,569,15%
6447,1,73,104,10,9,7,8,3,72,#¡CALC!,7,7,2,0,1,0,7,1,0,2,313,0,11,324,448,32%
6448,2,220,72,13,14,16,15,9,184,FALSO,8,12,1,1,2,0,3,0,0,0,570,0,10,580,760,12%
6449,1,118,65,11,6,6,4,5,134,FALSO,4,10,4,0,1,0,2,0,0,0,370,0,7,377,494,17%
6450,2,163,98,14,15,14,12,10,254,FALSO,19,27,4,0,0,0,5,3,0,2,640,3,10,653,844,15%
6451,1,101,58,7,13,7,7,4,131,FALSO,3,7,2,0,1,0,2,0,0,0,343,0,3,346,460,17%
6452,1,142,57,9,13,12,5,6,169,FALSO,8,21,1,1,0,0,2,2,1,3,452,0,10,462,591,12%
6453,1,87,112,19,22,13,11,2,83,#¡CALC!,7,6,0,0,0,0,4,1,0,0,367,0,0,367,528,31%
6454,1,95,56,14,16,15,8,6,135,FALSO,6,12,6,0,0,0,2,0,0,0,371,1,4,376,517,15%
6455,2,167,115,12,11,25,12,11,228,FALSO,14,16,1,1,0,0,4,1,0,1,619,0,11,630,872,18%
6456,2,192,90,23,25,15,14,11,273,FALSO,11,12,6,1,0,0,7,1,0,0,681,0,14,695,891,13%
6457,1,110,70,14,11,7,11,7,115,FALSO,9,12,1,0,0,0,3,1,0,0,371,0,13,384,512,18%
6458,1,121,65,12,18,13,9,7,143,FALSO,6,17,4,0,0,1,1,2,0,1,420,2,7,429,552,15%
6459,2,150,105,20,17,10,11,9,202,FALSO,15,17,5,0,0,0,1,2,0,1,565,0,15,580,796,18%
6460,2,129,83,12,19,17,14,6,270,FALSO,19,21,3,0,0,0,5,0,0,3,601,1,12,614,895,14%
6461,1,120,108,5,15,12,7,3,159,FALSO,8,13,1,0,1,0,2,1,0,0,455,0,14,469,630,23%
6462,1,138,91,8,23,8,4,8,199,FALSO,11,26,4,0,0,0,4,0,1,0,525,0,6,531,714,17%
6516,2,93,105,24,18,16,14,7,227,FALSO,18,18,3,0,1,0,13,3,0,0,560,1,15,576,935,18%
,,TOTAL,"89,663",,,,,,"148,924",,,,,,,,,,,,,,,"457,600","641,016",
,,% DEL VOTO,19.59%,,,,,,32.54%,,,,,,,,,,,,,,,,,
,,% LISTA NOMINAL,13.99%,,,,,,23.23%,,,,,,,,,,,,,,,,,
,,,,,,,,,,,,,,,,,,,,,,,,,,
,,,,,,,,,,,,,,,,,,,,,,,,,,
,Total de bastiones,,,,,,,,,,,,,,,,,,,,,,,,,